N,followup_median,followup_Q1,followup_Q3,n_creat_median,n_creat_Q1,n_creat_Q3,slope_median,slope_Q1,slope_Q3,pct_slope_lt3,pct_slope_lt5
56,10.695414099931554,8.442162902121835,13.223134839151266,7.5,5.75,13.25,0.5096988203012407,-2.1421228578185234,2.7201210687058763,23.214285714285715,10.714285714285714
